{"metrics":{"iterations":{"type":"counter","contains":"default","values":{"rate":8.270115940926587,"count":339}},"http_req_connecting":{"values":{"p(90)":210.2266,"p(95)":291.8150999999999,"avg":68.27356342182887,"min":0,"med":0,"max":466.56},"type":"trend","contains":"time"},"data_received":{"type":"counter","contains":"data","values":{"rate":475229.50242615683,"count":19480114}},"http_req_failed":{"type":"rate","contains":"default","values":{"rate":0,"passes":0,"fails":339}},"iteration_duration":{"contains":"time","values":{"avg":10518.100239932153,"min":3063.802083,"med":11061.331292,"max":16049.889334,"p(90)":13023.0285916,"p(95)":13681.043850299999},"type":"trend"},"http_req_waiting":{"values":{"med":9830.056,"max":14214.932,"p(90)":11811.5174,"p(95)":12500.369499999999,"avg":9267.82488790561,"min":795.619},"type":"trend","contains":"time"},"data_sent":{"type":"counter","contains":"data","values":{"count":345920,"rate":8438.933646859365}},"http_req_tls_handshaking":{"type":"trend","contains":"time","values":{"med":0,"max":555.279,"p(90)":268.6904,"p(95)":313.49799999999993,"avg":79.5951887905605,"min":0}},"checks":{"type":"rate","contains":"default","values":{"rate":0.8,"passes":1356,"fails":339}},"vus":{"type":"gauge","contains":"default","values":{"value":11,"min":11,"max":100}},"http_req_sending":{"type":"trend","contains":"time","values":{"p(95)":0.49419999999999936,"avg":0.24418584070796442,"min":0.02,"med":0.254,"max":1.45,"p(90)":0.39820000000000005}},"vus_max":{"type":"gauge","contains":"default","values":{"value":100,"min":100,"max":100}},"http_req_duration{expected_response:true}":{"type":"trend","contains":"time","values":{"avg":9366.067595870209,"min":1679.924,"med":9954.758,"max":14347.386,"p(90)":11830.125,"p(95)":12655.9621}},"http_req_blocked":{"type":"trend","contains":"time","values":{"p(90)":478.984,"p(95)":601.2977999999998,"avg":148.36424483775713,"min":0,"med":0.002,"max":1023.273}},"http_req_receiving":{"contains":"time","values":{"avg":97.99852212389382,"min":0.554,"med":18.899,"max":1410.577,"p(90)":242.0242,"p(95)":381.1606999999999},"type":"trend"},"response_time":{"type":"trend","contains":"default","values":{"avg":9366.067595870209,"min":1679.924,"med":9954.758,"max":14347.386,"p(90)":11830.125,"p(95)":12655.9621}},"http_req_duration":{"type":"trend","contains":"time","values":{"min":1679.924,"med":9954.758,"max":14347.386,"p(90)":11830.125,"p(95)":12655.9621,"avg":9366.067595870209}},"http_reqs":{"values":{"count":339,"rate":8.270115940926587},"type":"counter","contains":"default"}},"root_group":{"name":"","path":"","id":"d41d8cd98f00b204e9800998ecf8427e","groups":[],"checks":[{"name":"status is 200","path":"::status is 200","id":"6210a8cd14cd70477eba5c5e4cb3fb5f","passes":339,"fails":0},{"name":"GET response time < 200ms","path":"::GET response time < 200ms","id":"59c9dc0efbea3886cf8adc27990af7f7","passes":0,"fails":339},{"path":"::has cookies","id":"3db965d55c96fa2f9135156457d867ee","passes":339,"fails":0,"name":"has cookies"},{"path":"::Get Users has no errors","id":"4747aeed279dd9dd1ee60f7882aec3ae","passes":339,"fails":0,"name":"Get Users has no errors"},{"id":"bdcc758b323c0f7b50e6bb10d573be9c","passes":339,"fails":0,"name":"returns \"data\"","path":"::returns \"data\""}]},"options":{"summaryTrendStats":["avg","min","med","max","p(90)","p(95)"],"summaryTimeUnit":"","noColor":false},"state":{"isStdOutTTY":true,"isStdErrTTY":true,"testRunDurationMs":40990.961}}